{
  "mean": [
    0.010803164914250374,
    -0.13608159124851227,
    31.408903121948242,
    2.866590738296509,
    0.5505290627479553,
    1.1293785572052002,
    1.2617276906967163,
    0.9422519207000732,
    0.7867746949195862,
    0.8866284489631653,
    0.8842262625694275,
    0.06734378635883331,
    0.04307814687490463,
    0.008432484231889248,
    0.34806427359580994,
    0.514133632183075,
    0.1350942850112915,
    0.02183927781879902,
    0.8636665344238281,
    0.3480987250804901,
    0.06902039051055908,
    0.19303840398788452,
    0.24997282028198242,
    0.18926939368247986,
    0.03822510316967964,
    0.24037441611289978,
    0.5953950881958008,
    0.16389496624469757,
    0.09293641149997711,
    0.837478756904602,
    0.7541334629058838,
    0.0793234184384346,
    0.162643164396286,
    0.9839813709259033,
    0.7660698890686035,
    0.15179499983787537,
    0.2222273051738739,
    0.6122103333473206,
    0.16533809900283813,
    0.37133416533470154,
    0.8363058567047119,
    0.3759436011314392,
    0.07968038320541382,
    0.14502668380737305,
    6.140570640563965,
    4.592630386352539,
    0.8390107750892639,
    0.25081053376197815,
    0.6024453639984131,
    0.1466575264930725,
    2.1969523429870605,
    0.8548975586891174,
    -18.79920768737793,
    0.07293429225683212,
    0.11531148850917816,
    24.564258575439453,
    17.289724349975586,
    2.5652008056640625,
    0.29545557498931885,
    0.5919498205184937,
    0.11252990365028381,
    7.864104747772217,
    0.8888049721717834,
    -133.28933715820312,
    0.058566875755786896,
    0.0777537152171135
  ],
  "std": [
    12.084426879882812,
    11.57754135131836,
    43.77029800415039,
    4.558760643005371,
    0.16972166299819946,
    0.3845938742160797,
    0.5468670129776001,
    0.16299942135810852,
    0.40907832980155945,
    0.31902992725372314,
    0.3213050663471222,
    0.013309555128216743,
    0.01268708985298872,
    0.00971585139632225,
    0.18924501538276672,
    0.2388322502374649,
    0.1613309383392334,
    0.013568298891186714,
    0.16666947305202484,
    0.052340131253004074,
    0.07523349672555923,
    0.2726809084415436,
    0.03475626930594444,
    0.04757959023118019,
    0.041788261383771896,
    0.17284876108169556,
    0.27053138613700867,
    0.18393364548683167,
    0.05275489762425423,
    0.18402493000030518,
    0.08873152732849121,
    0.0820586159825325,
    0.2515796422958374,
    0.1266031563282013,
    0.19921498000621796,
    0.16379106044769287,
    0.18128037452697754,
    0.279573917388916,
    0.18278412520885468,
    0.2065938264131546,
    0.18289411067962646,
    0.3026045560836792,
    0.08131975680589676,
    0.2369687706232071,
    0.8025141954421997,
    1.342556357383728,
    0.8987666368484497,
    0.19940541684627533,
    0.2727990448474884,
    0.1613238900899887,
    1.2418094873428345,
    0.1613284945487976,
    4.342634201049805,
    0.07422230392694473,
    0.2007143348455429,
    3.4334890842437744,
    5.762016773223877,
    2.8529469966888428,
    0.21469098329544067,
    0.25570204854011536,
    0.12936215102672577,
    4.583963394165039,
    0.12945179641246796,
    28.750076293945312,
    0.062285732477903366,
    0.15114647150039673
  ],
  "min": [
    -34.0,
    -35.5,
    -0.47999998927116394,
    -1.2996575832366943,
    0.0,
    1.0,
    1.0,
    0.20000000298023224,
    0.0,
    0.0,
    0.0,
    0.0,
    0.0,
    0.0,
    0.0,
    0.0,
    0.0,
    0.0,
    0.0,
    0.0,
    0.0,
    0.0,
    0.0,
    0.0,
    0.0,
    0.0,
    0.0,
    0.0,
    0.0,
    0.0,
    0.0,
    0.0,
    0.0,
    0.0,
    0.0,
    0.0,
    0.0,
    0.0,
    0.0,
    0.0,
    0.0,
    -2.6577889919281006,
    0.0,
    0.0,
    0.28257986903190613,
    0.06666091829538345,
    6.12864678259939e-05,
    5.75302037759684e-05,
    0.00037766597233712673,
    9.741983376443386e-06,
    0.08101902157068253,
    0.05157500132918358,
    -41.567195892333984,
    4.890302079729736e-06,
    1.1979051084409775e-10,
    3.740750789642334,
    0.4271148145198822,
    0.00021997913427185267,
    1.0201472832704894e-05,
    0.0008247521473094821,
    8.798927410680335e-06,
    0.22874346375465393,
    0.04920107126235962,
    -236.2854461669922,
    4.594524853018811e-06,
    1.736755184111871e-11
  ],
  "max": [
    32.0625,
    34.0,
    251.85000610351562,
    33.833778381347656,
    1.0,
    5.0,
    5.0,
    1.0,
    1.0,
    1.0,
    1.0,
    0.234629288315773,
    0.10302840918302536,
    0.054782211780548096,
    1.0,
    0.9989541172981262,
    0.9431422352790833,
    0.06634397059679031,
    1.0,
    0.5450846552848816,
    0.325162410736084,
    1.0,
    0.8496021032333374,
    0.35537266731262207,
    0.20497407019138336,
    1.0,
    0.9994425177574158,
    0.9681364297866821,
    0.24842455983161926,
    1.0,
    1.0229356288909912,
    0.32900455594062805,
    1.0,
    2.826556444168091,
    1.1759220361709595,
    0.8265602588653564,
    1.0,
    0.9997205138206482,
    0.9691680669784546,
    0.9327898621559143,
    1.0,
    1.1001814603805542,
    0.3284057378768921,
    0.9999992251396179,
    14.215328216552734,
    7.614279747009277,
    5.195436000823975,
    0.9890029430389404,
    0.9998758435249329,
    0.9484249949455261,
    5.810751914978027,
    0.9999902248382568,
    1.0036218166351318,
    0.32404041290283203,
    0.9999814033508301,
    49.37074279785156,
    27.931272506713867,
    19.126628875732422,
    0.9729147553443909,
    0.999800443649292,
    0.9507989287376404,
    22.738264083862305,
    0.9999911785125732,
    -10.187889099121094,
    0.3252333700656891,
    0.9999910593032837
  ],
  "num_features": 66,
  "sample_size": 1908671,
  "feature_names": [
    "x",
    "y",
    "z",
    "hag",
    "intensity",
    "return_number",
    "num_returns",
    "return_ratio",
    "is_single_return",
    "is_first_return",
    "is_last_return",
    "eigenvalue1_r0.5",
    "eigenvalue2_r0.5",
    "eigenvalue3_r0.5",
    "linearity_r0.5",
    "planarity_r0.5",
    "sphericity_r0.5",
    "omnivariance_r0.5",
    "anisotropy_r0.5",
    "eigenentropy_r0.5",
    "surface_variation_r0.5",
    "verticality_r0.5",
    "eigenvalue1_r1.0",
    "eigenvalue2_r1.0",
    "eigenvalue3_r1.0",
    "linearity_r1.0",
    "planarity_r1.0",
    "sphericity_r1.0",
    "omnivariance_r1.0",
    "anisotropy_r1.0",
    "eigenentropy_r1.0",
    "surface_variation_r1.0",
    "verticality_r1.0",
    "eigenvalue1_r2.0",
    "eigenvalue2_r2.0",
    "eigenvalue3_r2.0",
    "linearity_r2.0",
    "planarity_r2.0",
    "sphericity_r2.0",
    "omnivariance_r2.0",
    "anisotropy_r2.0",
    "eigenentropy_r2.0",
    "surface_variation_r2.0",
    "verticality_r2.0",
    "eigenvalue1_r5.0",
    "eigenvalue2_r5.0",
    "eigenvalue3_r5.0",
    "linearity_r5.0",
    "planarity_r5.0",
    "sphericity_r5.0",
    "omnivariance_r5.0",
    "anisotropy_r5.0",
    "eigenentropy_r5.0",
    "surface_variation_r5.0",
    "verticality_r5.0",
    "eigenvalue1_r10.0",
    "eigenvalue2_r10.0",
    "eigenvalue3_r10.0",
    "linearity_r10.0",
    "planarity_r10.0",
    "sphericity_r10.0",
    "omnivariance_r10.0",
    "anisotropy_r10.0",
    "eigenentropy_r10.0",
    "surface_variation_r10.0",
    "verticality_r10.0"
  ]
}